{
    "providers": [
        {
            "type": "bitmap",
            "file": "minecraft:logo/logo.png",
            "ascent": 32,
            "height": 64,
            "chars": ["诶"]
        },
        {
            "type": "bitmap",
            "file": "minecraft:logo/admin.png",
            "ascent": 8,
            "height": 8,
            "chars": ["比"]
        },
        {
            "type": "bitmap",
            "file": "minecraft:logo/moderation.png",
            "ascent": 8,
            "height": 8,
            "chars": ["西"]
        },
        {
            "type": "bitmap",
            "file": "minecraft:logo/player.png",
            "ascent": 8,
            "height": 8,
            "chars": ["迪"]
        }
    ]
}